customer_id,age,location,gender,transacted_amount,transacted_date,credit/debit,zip,ssn,transacted_at,fname,lname,email
CUST301488,36,MN,M,12832,19-09-2022,1,419154,8887475444,Pay with Tap,James,Rogers,james.rogers@olson.com
CUST235925,38,MA,F,48233,23-10-2022,1,199520,7323084732,Pay with Tap,Margaret,Vasquez,margaret.vasquez@day.com
CUST768307,41,WA,M,46000,07-02-2023,1,522663,1425823974,Zelle QR Code,Derek,Rivera,derek.rivera@greene.com
CUST854589,18,OK,F,54991,22-01-2023,1,236362,8475385450,Help Center,Sarah,Campbell,sarah.campbell@reese.com
CUST301488,36,MN,M,71251,21-09-2022,1,419154,8887475444,Food Street,James,Rogers,james.rogers@olson.com
CUST235925,38,MA,F,35028,25-01-2023,1,199520,7323084732,Fuel,Margaret,Vasquez,margaret.vasquez@day.com
CUST768307,41,WA,M,22869,13-02-2023,1,522663,1425823974,Cloths,Derek,Rivera,derek.rivera@greene.com
CUST854589,18,OK,F,49695,27-03-2023,1,236362,8475385450,Pay with Tap,Sarah,Campbell,sarah.campbell@reese.com
CUST301488,36,MN,M,73480,03-11-2022,1,419154,8887475444,Pay with Tap,James,Rogers,james.rogers@olson.com
CUST235925,38,MA,F,13099,16-07-2022,1,199520,7323084732,Zelle QR Code,Margaret,Vasquez,margaret.vasquez@day.com
CUST768307,41,WA,M,5283,03-09-2022,1,522663,1425823974,Help Center,Derek,Rivera,derek.rivera@greene.com
CUST854589,18,OK,F,84655,17-02-2023,1,236362,8475385450,Food Street,Sarah,Campbell,sarah.campbell@reese.com
CUST301488,36,MN,M,16434,05-08-2022,1,419154,8887475444,Fuel,James,Rogers,james.rogers@olson.com
CUST235925,38,MA,F,86030,03-03-2023,1,199520,7323084732,Cloths,Margaret,Vasquez,margaret.vasquez@day.com
CUST768307,41,WA,M,27467,27-07-2022,1,522663,1425823974,Pay with Tap,Derek,Rivera,derek.rivera@greene.com
CUST854589,18,OK,F,14415,07-10-2022,1,236362,8475385450,Pay with Tap,Sarah,Campbell,sarah.campbell@reese.com
CUST301488,36,MN,M,57323,03-10-2022,1,419154,8887475444,Zelle QR Code,James,Rogers,james.rogers@olson.com
CUST235925,38,MA,F,2971,24-08-2022,1,199520,7323084732,Help Center,Margaret,Vasquez,margaret.vasquez@day.com
CUST768307,41,WA,M,64564,27-10-2022,1,522663,1425823974,Food Street,Derek,Rivera,derek.rivera@greene.com
CUST854589,18,OK,F,36932,22-08-2022,1,236362,8475385450,Fuel,Sarah,Campbell,sarah.campbell@reese.com
CUST854589,36,MN,M,14554,16-01-2023,1,419154,8887475444,Cloths,James,Rogers,james.rogers@olson.com
CUST235925,38,MA,F,9522,10-03-2023,1,199520,7323084732,Pay with Tap,Margaret,Vasquez,margaret.vasquez@day.com
CUST768307,41,WA,M,85393,08-10-2022,1,522663,1425823974,Pay with Tap,Derek,Rivera,derek.rivera@greene.com
CUST854589,18,OK,F,26185,18-08-2022,1,236362,8475385450,Zelle QR Code,Sarah,Campbell,sarah.campbell@reese.com
CUST235925,36,MN,M,87181,25-12-2022,1,419154,8887475444,Help Center,James,Rogers,james.rogers@olson.com
CUST235925,38,MA,F,69638,07-10-2022,1,199520,7323084732,Food Street,Margaret,Vasquez,margaret.vasquez@day.com
CUST768307,41,WA,M,33833,08-10-2022,1,522663,1425823974,Fuel,Derek,Rivera,derek.rivera@greene.com
CUST854589,18,OK,F,41259,06-09-2022,1,236362,8475385450,Cloths,Sarah,Campbell,sarah.campbell@reese.com
CUST301488,36,MN,M,40545,15-07-2022,1,419154,8887475444,Pay with Tap,James,Rogers,james.rogers@olson.com
CUST235925,38,MA,F,95460,10-07-2022,1,199520,7323084732,Pay with Tap,Margaret,Vasquez,margaret.vasquez@day.com
CUST768307,41,WA,M,67416,18-07-2022,1,522663,1425823974,Zelle QR Code,Derek,Rivera,derek.rivera@greene.com
CUST854589,18,OK,F,50348,27-09-2022,1,236362,8475385450,Help Center,Sarah,Campbell,sarah.campbell@reese.com
CUST301488,36,MN,M,25591,31-07-2022,1,419154,8887475444,Food Street,James,Rogers,james.rogers@olson.com
CUST235925,38,MA,F,60902,26-02-2023,1,199520,7323084732,Fuel,Margaret,Vasquez,margaret.vasquez@day.com
CUST768307,41,WA,M,61271,16-03-2023,1,522663,1425823974,Cloths,Derek,Rivera,derek.rivera@greene.com
CUST854589,18,OK,F,8254,09-07-2022,1,236362,8475385450,Pay with Tap,Sarah,Campbell,sarah.campbell@reese.com
CUST301488,36,MN,M,2672,09-09-2022,1,419154,8887475444,Pay with Tap,James,Rogers,james.rogers@olson.com
CUST235925,38,MA,F,69089,20-10-2022,1,199520,7323084732,Zelle QR Code,Margaret,Vasquez,margaret.vasquez@day.com
CUST768307,41,WA,M,33611,01-03-2023,1,522663,1425823974,Help Center,Derek,Rivera,derek.rivera@greene.com
CUST854589,18,OK,F,81103,03-02-2023,1,236362,8475385450,Food Street,Sarah,Campbell,sarah.campbell@reese.com
CUST301488,36,MN,M,20144,01-03-2023,1,419154,8887475444,Fuel,James,Rogers,james.rogers@olson.com
CUST235925,38,MA,F,58720,22-09-2022,1,199520,7323084732,Cloths,Margaret,Vasquez,margaret.vasquez@day.com
CUST768307,41,WA,M,28937,11-03-2023,1,522663,1425823974,Pay with Tap,Derek,Rivera,derek.rivera@greene.com
CUST854589,18,OK,F,21406,25-01-2023,1,236362,8475385450,Pay with Tap,Sarah,Campbell,sarah.campbell@reese.com
CUST301488,36,MN,M,54401,22-12-2022,1,419154,8887475444,Zelle QR Code,James,Rogers,james.rogers@olson.com
CUST235925,38,MA,F,25802,21-02-2023,1,199520,7323084732,Help Center,Margaret,Vasquez,margaret.vasquez@day.com
CUST768307,41,WA,M,2320,21-11-2022,1,522663,1425823974,Food Street,Derek,Rivera,derek.rivera@greene.com
CUST854589,18,OK,F,75061,29-08-2022,1,236362,8475385450,Fuel,Sarah,Campbell,sarah.campbell@reese.com
CUST301488,36,MN,M,81453,13-03-2023,1,419154,8887475444,Cloths,James,Rogers,james.rogers@olson.com
CUST235925,38,MA,F,98715,11-09-2022,0,199520,7323084732,Pay with Tap,Margaret,Vasquez,margaret.vasquez@day.com
CUST768307,41,WA,M,79832,23-11-2022,0,522663,1425823974,Pay with Tap,Derek,Rivera,derek.rivera@greene.com
CUST854589,18,OK,F,68860,15-10-2022,0,236362,8475385450,Zelle QR Code,Sarah,Campbell,sarah.campbell@reese.com
CUST301488,36,MN,M,69290,20-08-2022,0,419154,8887475444,Help Center,James,Rogers,james.rogers@olson.com
CUST235925,38,MA,F,36448,29-10-2022,0,199520,7323084732,Food Street,Margaret,Vasquez,margaret.vasquez@day.com
CUST768307,41,WA,M,52806,26-03-2023,0,522663,1425823974,Fuel,Derek,Rivera,derek.rivera@greene.com
CUST854589,18,OK,F,14035,03-10-2022,0,236362,8475385450,Cloths,Sarah,Campbell,sarah.campbell@reese.com
CUST301488,36,MN,M,15653,22-10-2022,0,419154,8887475444,Pay with Tap,James,Rogers,james.rogers@olson.com
CUST235925,38,MA,F,39483,30-09-2022,0,199520,7323084732,Pay with Tap,Margaret,Vasquez,margaret.vasquez@day.com
CUST768307,41,WA,M,92060,22-08-2022,0,522663,1425823974,Zelle QR Code,Derek,Rivera,derek.rivera@greene.com
CUST854589,18,OK,F,66476,13-10-2022,0,236362,8475385450,Help Center,Sarah,Campbell,sarah.campbell@reese.com
CUST301488,36,MN,M,11993,14-11-2022,0,419154,8887475444,Food Street,James,Rogers,james.rogers@olson.com
CUST235925,38,MA,F,91789,05-09-2022,0,199520,7323084732,Fuel,Margaret,Vasquez,margaret.vasquez@day.com
CUST768307,41,WA,M,17419,07-02-2023,0,522663,1425823974,Cloths,Derek,Rivera,derek.rivera@greene.com
CUST854589,18,OK,F,40974,06-11-2022,0,236362,8475385450,Pay with Tap,Sarah,Campbell,sarah.campbell@reese.com
CUST301488,36,MN,M,14187,26-10-2022,0,419154,8887475444,Pay with Tap,James,Rogers,james.rogers@olson.com
CUST235925,38,MA,F,87158,11-11-2022,0,199520,7323084732,Zelle QR Code,Margaret,Vasquez,margaret.vasquez@day.com
CUST768307,41,WA,M,32411,08-12-2022,0,522663,1425823974,Help Center,Derek,Rivera,derek.rivera@greene.com
CUST854589,18,OK,F,7871,22-02-2023,0,236362,8475385450,Food Street,Sarah,Campbell,sarah.campbell@reese.com
CUST301488,36,MN,M,88722,19-08-2022,0,419154,8887475444,Fuel,James,Rogers,james.rogers@olson.com
CUST235925,38,MA,F,54908,28-12-2022,0,199520,7323084732,Cloths,Margaret,Vasquez,margaret.vasquez@day.com
CUST768307,41,WA,M,25308,18-01-2023,0,522663,1425823974,Pay with Tap,Derek,Rivera,derek.rivera@greene.com
CUST854589,18,OK,F,26835,07-09-2022,0,236362,8475385450,Pay with Tap,Sarah,Campbell,sarah.campbell@reese.com
CUST301488,36,MN,M,32203,20-02-2023,0,419154,8887475444,Zelle QR Code,James,Rogers,james.rogers@olson.com
CUST235925,38,MA,F,69870,21-03-2023,0,199520,7323084732,Help Center,Margaret,Vasquez,margaret.vasquez@day.com
CUST768307,41,WA,M,71857,01-08-2022,0,522663,1425823974,Food Street,Derek,Rivera,derek.rivera@greene.com
CUST854589,18,OK,F,84793,23-09-2022,0,236362,8475385450,Fuel,Sarah,Campbell,sarah.campbell@reese.com
CUST301488,36,MN,M,35453,26-09-2022,0,419154,8887475444,Cloths,James,Rogers,james.rogers@olson.com
CUST235925,38,MA,F,2959,11-12-2022,0,199520,7323084732,Pay with Tap,Margaret,Vasquez,margaret.vasquez@day.com
CUST768307,41,WA,M,75590,06-10-2022,0,522663,1425823974,Pay with Tap,Derek,Rivera,derek.rivera@greene.com
CUST854589,18,OK,F,61937,05-10-2022,0,236362,8475385450,Zelle QR Code,Sarah,Campbell,sarah.campbell@reese.com
CUST301488,36,MN,M,66433,25-12-2022,0,419154,8887475444,Help Center,James,Rogers,james.rogers@olson.com
CUST235925,38,MA,F,60008,09-02-2023,0,199520,7323084732,Food Street,Margaret,Vasquez,margaret.vasquez@day.com
CUST768307,41,WA,M,84912,20-12-2022,0,522663,1425823974,Fuel,Derek,Rivera,derek.rivera@greene.com
CUST854589,18,OK,F,33365,13-01-2023,0,236362,8475385450,Cloths,Sarah,Campbell,sarah.campbell@reese.com
CUST301488,36,MN,M,53019,15-07-2022,0,419154,8887475444,Pay with Tap,James,Rogers,james.rogers@olson.com
CUST235925,38,MA,F,8591,01-02-2023,0,199520,7323084732,Pay with Tap,Margaret,Vasquez,margaret.vasquez@day.com
CUST768307,41,WA,M,33801,13-07-2022,0,522663,1425823974,Zelle QR Code,Derek,Rivera,derek.rivera@greene.com
CUST854589,18,OK,F,68200,02-12-2022,0,236362,8475385450,Help Center,Sarah,Campbell,sarah.campbell@reese.com
CUST301488,36,MN,M,41702,03-02-2023,0,419154,8887475444,Food Street,James,Rogers,james.rogers@olson.com
CUST235925,38,MA,F,34122,26-12-2022,0,199520,7323084732,Fuel,Margaret,Vasquez,margaret.vasquez@day.com
CUST768307,41,WA,M,18753,12-11-2022,0,522663,1425823974,Cloths,Derek,Rivera,derek.rivera@greene.com
CUST854589,18,OK,F,37363,26-11-2022,0,236362,8475385450,Pay with Tap,Sarah,Campbell,sarah.campbell@reese.com
CUST301488,36,MN,M,38699,10-10-2022,0,419154,8887475444,Pay with Tap,James,Rogers,james.rogers@olson.com
CUST235925,38,MA,F,50401,09-10-2022,0,199520,7323084732,Zelle QR Code,Margaret,Vasquez,margaret.vasquez@day.com
CUST768307,41,WA,M,82621,12-10-2022,0,522663,1425823974,Help Center,Derek,Rivera,derek.rivera@greene.com
CUST854589,18,OK,F,80183,17-10-2022,0,236362,8475385450,Food Street,Sarah,Campbell,sarah.campbell@reese.com
CUST301488,36,MN,M,98448,09-08-2022,0,419154,8887475444,Fuel,James,Rogers,james.rogers@olson.com
CUST235925,38,MA,F,62837,15-09-2022,0,199520,7323084732,Cloths,Margaret,Vasquez,margaret.vasquez@day.com
CUST768307,41,WA,M,58559,08-01-2023,0,522663,1425823974,Pay with Tap,Derek,Rivera,derek.rivera@greene.com
CUST854589,18,OK,F,90314,03-08-2022,0,236362,8475385450,Pay with Tap,Sarah,Campbell,sarah.campbell@reese.com
